{
  "project_info": {
    "project_number": "859477202966",
    "firebase_url": "https://tugas-akhir-sasa.firebaseio.com",
    "project_id": "tugas-akhir-sasa",
    "storage_bucket": "tugas-akhir-sasa.appspot.com"
  },
  "client": [
    {
      "client_info": {
        "mobilesdk_app_id": "1:859477202966:android:070ecbaaad2c498301fd37",
        "android_client_info": {
          "package_name": "com.example.tugasakhir"
        }
      },
      "oauth_client": [
        {
          "client_id": "859477202966-35dnuhppk7a8fnp9dcthscolqmcssric.apps.googleusercontent.com",
          "client_type": 3
        }
      ],
      "api_key": [
        {
          "current_key": "AIzaSyCL4KJGKNrAO0_WAVfwbN2VXKkSd5CF1vE"
        }
      ],
      "services": {
        "appinvite_service": {
          "other_platform_oauth_client": [
            {
              "client_id": "859477202966-35dnuhppk7a8fnp9dcthscolqmcssric.apps.googleusercontent.com",
              "client_type": 3
            }
          ]
        }
      }
    }
  ],
  "configuration_version": "1"
}